{
	"name": "Relaxed Theme",
	"type": "dark",
	"colors": {
		"editor.background": "#2e333b",
		"editor.foreground": "#d9d9d9",
		"editorGroupHeader.tabsBackground": "#2a2e36",
		"editor.lineHighlightBackground": "#353a44",
		"editor.selectionBackground": "#525968",
		"editor.selectionHighlightBackground":"#52596870",
		"editor.wordHighlightStrongBackground": "#ffffff17",
		"editor.wordHighlightBackground": "#FFFFFF0D",
		"editorWhitespace.foreground": "#6363639d",
		"editorLineNumber.foreground": "#6363639d",
		"editorLineNumber.activeForeground": "#808080",
		"editorRuler.foreground":"#6363639d",
		"editorWidget.background": "#2a2e36",
		"editorWidget.border": "#5a5a5a",
		"widget.shadow": "#00000070",
		"focusBorder": "#353a44",
		"titleBar.activeBackground": "#2a2e36",
		"activityBar.background": "#2c3038",
		"activityBarBadge.background": "#6a8799",
		"sideBarTitle.foreground": "#d9d9d9",
		"sideBar.background": "#2a2e36",
		"sideBar.border": "#2a2e36",
		"sideBarSectionHeader.background": "#2d313a",
		"tab.inactiveBackground": "#2a2e36",
		"scrollbar.shadow": "#353a44",
		"diffEditor.insertedTextBackground": "#788351",
		"diffEditor.removedTextBackground": "#b1524e",
		"panel.background": "#2c3038",
		"panel.border": "#2c3038",
		"statusBar.background":"#2c3038",
		"statusBar.border":"#2c3038",
		"statusBar.debuggingBackground": "#7eaac7",
		"statusBar.debuggingForeground": "#353a44",
		"statusBar.noFolderBackground": "#2c3038",
		"statusBar.noFolderForeground": "#ffffff",
		"editorGutter.addedBackground": "#909d63",
		"editorGutter.deletedBackground": "#bc5653",
		"editorGutter.modifiedBackground": "#ebc17a",
		"gitDecoration.modifiedResourceForeground": "#ffc600",
		"gitDecoration.deletedResourceForeground": "#bc5653",
		"gitDecoration.untrackedResourceForeground": "#909d63",
		"gitDecoration.ignoredResourceForeground": "#d9d9d9",
		"gitDecoration.conflictingResourceForeground": "#b06698",

		"list.activeSelectionForeground": "#ffffff",
		"list.activeSelectionBackground": "#24252b",
		"list.hoverBackground": "#24252b",
		"list.focusBackground":"#6a8799",
		"list.focusForeground":"#f7f7f7",
		"list.inactiveSelectionForeground": "#ffffff",
		"list.highlightForeground": "#616161",
		"scrollbarSlider.activeBackground": "#616161",
		"editorSuggestWidget.highlightForeground": "#616161",
		"textLink.foreground": "#616161",
		"progressBar.background": "#616161",
		"pickerGroup.foreground": "#616161",
		"tab.activeBorder": "#616161",
		"notificationLink.foreground": "#616161",
		"input.border": "#808080",

		"terminal.background": "#353a44",
		"terminal.foreground": "#d9d9d9",
		"terminal.ansiBlack": "#151515",
		"terminal.ansiBlue": "#6a8799",
		"terminal.ansiBrightBlack": "#636363",
		"terminal.ansiBrightBlue": "#7eaac7",
		"terminal.ansiBrightCyan": "#acbbd0",
		"terminal.ansiBrightGreen": "#a0ac77",
		"terminal.ansiBrightMagenta": "#b48ead",
		"terminal.ansiBrightRed": "#bc5653",
		"terminal.ansiBrightWhite": "#f7f7f7",
		"terminal.ansiBrightYellow": "#ebc17a",
		"terminal.ansiCyan": "#c9dfff",
		"terminal.ansiGreen": "#909d63",
		"terminal.ansiMagenta": "#b06698",
		"terminal.ansiRed": "#bc5653",
		"terminal.ansiWhite": "#d9d9d9",
		"terminal.ansiYellow": "#ebc17a",
		"terminal.selectionBackground": "#6a79853a",
		"terminalCursor.background": "#d9d9d9",
		"terminalCursor.foreground": "#d9d9d9"
	},
	"tokenColors": [
		{
			"name": "Comment",
			"scope": [
				"comment",
				"punctuation.definition.comment"
			],
			"settings": {
				"fontStyle": "italic",
				"foreground": "#727272"
			}
		},
		{
			"name": "Variables",
			"scope": [
				"variable",
				"string constant.other.placeholder"
			],
			"settings": {
				"foreground": "#d9d9d9"
			}
		},
		{
			"name": "Colors",
			"scope": [
				"constant.other.color"
			],
			"settings": {
				"foreground": "#f7f7f7"
			}
		},
		{
			"name": "Invalid",
			"scope": [
				"invalid",
				"invalid.illegal"
			],
			"settings": {
				"foreground": "#bc5653"
			}
		},
		{
			"name": "Keyword, Storage",
			"scope": [
				"keyword",
				"storage.type",
				"storage.modifier"
			],
			"settings": {
				"foreground": "#b06698"
			}
		},
		{
			"name": "Operator, Misc",
			"scope": [
				"keyword.control",
				"constant.other.color",
				"punctuation",
				"meta.tag",
				"punctuation.definition.tag",
				"punctuation.separator.inheritance.php",
				"punctuation.definition.tag.html",
				"punctuation.definition.tag.begin.html",
				"punctuation.definition.tag.end.html",
				"punctuation.section.embedded",
				"keyword.other.template",
				"keyword.other.substitution"
			],
			"settings": {
				"foreground": "#6a8799"
			}
		},
		{
			"name": "Tag",
			"scope": [
				"entity.name.tag",
				"meta.tag.sgml",
				"markup.deleted.git_gutter"
			],
			"settings": {
				"foreground": "#bc5653"
			}
		},
		{
			"name": "Function, Special Method",
			"scope": [
				"entity.name.function",
				"meta.function-call",
				"variable.function",
				"support.function",
				"keyword.other.special-method",
				"meta.parameters",
				"punctuation"
			],
			"settings": {
				"foreground": "#7eaac7"
			}
		},
		{
			"name": "Block Level Variables",
			"scope": [
				"meta.block variable.other"
			],
			"settings": {
				"foreground": "#d9d9d9"
			}
		},
		{
			"name": "Other Variable, String Link",
			"scope": [
				"support.other.variable",
				"string.other.link"
			],
			"settings": {
				"foreground": "#bc5653"
			}
		},
		{
			"name": "Number, Constant, Function Argument, Tag Attribute, Embedded",
			"scope": [
				"constant.numeric",
				"constant.language",
				"support.constant",
				"constant.character",
				"constant.escape",
				"variable.parameter",
				"keyword.other.unit",
				"keyword.other"
			],
			"settings": {
				"foreground": "#b06698"
			}
		},
		{
			"name": "String, Symbols, Inherited Class, Markup Heading",
			"scope": [
				"string",
				"constant.other.symbol",
				"constant.other.key",
				"entity.other.inherited-class",
				"markup.heading",
				"markup.inserted.git_gutter",
				"meta.group.braces.curly constant.other.object.key.js string.unquoted.label.js"
			],
			"settings": {
				"foreground": "#909d63"
			}
		},
		{
			"name": "Class, Support",
			"scope": [
				"entity.name",
				"support.type",
				"support.class",
				"support.orther.namespace.use.php",
				"meta.use.php",
				"support.other.namespace.php",
				"markup.changed.git_gutter",
				"support.type.sys-types"
			],
			"settings": {
				"foreground": "#ebc17a"
			}
		},
		{
			"name": "Entity Types",
			"scope": [
				"support.type"
			],
			"settings": {
				"foreground": "#7eaac7"
			}
		},
		{
			"name": "CSS Class and Support",
			"scope": [
				"source.css support.type.property-name",
				"source.sass support.type.property-name",
				"source.scss support.type.property-name",
				"source.less support.type.property-name",
				"source.stylus support.type.property-name",
				"source.postcss support.type.property-name"
			],
			"settings": {
				"foreground": "#7eaac7"
			}
		},
		{
			"name": "Sub-methods",
			"scope": [
				"entity.name.module.js",
				"variable.import.parameter.js",
				"variable.other.class.js"
			],
			"settings": {
				"foreground": "#bc5653"
			}
		},
		{
			"name": "Language methods",
			"scope": [
				"variable.language"
			],
			"settings": {
				"fontStyle": "italic",
				"foreground": "#bc5653"
			}
		},
		{
			"name": "entity.name.method.js",
			"scope": [
				"entity.name.method.js"
			],
			"settings": {
				"fontStyle": "italic",
				"foreground": "#7eaac7"
			}
		},
		{
			"name": "meta.method.js",
			"scope": [
				"meta.class-method.js entity.name.function.js",
				"variable.function.constructor"
			],
			"settings": {
				"foreground": "#6a8799"
			}
		},
		{
			"name": "Attributes",
			"scope": [
				"entity.other.attribute-name.js"
			],
			"settings": {
				"foreground": "#b06698"
			}
		},
		{
			"name": "HTML Attributes",
			"scope": [
				"text.html.basic entity.other.attribute-name.html",
				"text.html.basic entity.other.attribute-name",
				"entity.other.attribute-name.js"
			],
			"settings": {
				"fontStyle": "italic",
				"foreground": "#ebc17a"
			}
		},
		{
			"name": "CSS Values",
			"scope": [
				"support.constant.font-name.css",
				"meta.property-value.scss",
				"constant.numeric.css",
				"support.constant.color.w3c-standard-color-name.css",
				"constant.other.color.rgb-value.hex.css",
				"punctuation.section.function.scss",
				"support.constant.property-value.css",
				"entity.other.attribute-name.attribute.scss"
			],
			"settings": {
				"foreground": "#ebc17a"
			}
		},
		{
			"name": "CSS units",
			"scope": [
				"keyword.other.unit.em.css",
				"keyword.other.unit.rem.css",
				"keyword.other.unit.cm.css",
				"keyword.other.unit.percentage.css",
				"punctuation.definition.constant.css"
			],
			"settings": {
				"foreground": "#ebc17a"
			}
		},
		{
			"name": "CSS @ rules",
			"scope": [
				"keyword.control.at-rule.media.css",
				"support.constant.media.css",
				"keyword.control.at-rule.media.scss",
				"meta.at-rule.media.scss",
				"keyword.control.at-rule.page.scss",
				"meta.at-rule.page.scss",
				"punctuation.definition.keyword.scss"
			],
			"settings": {
				"fontStyle": "italic",
				"foreground": "#6a8799"
			}
		},
		{
      "name": "[CSS] - Variable",
      "scope": ["source.css variable", "source.stylus variable","source.sass variable"],
      "settings": {
        "foreground": "#acbbd0"
      }
    },
		{
			"name": "CSS Classes",
			"scope": [
				"entity.other.attribute-name.class"
			],
			"settings": {
				"foreground": "#909d63"
			}
		},
		{
			"name": "CSS ID's",
			"scope": [
				"source.sass keyword.control",
				"entity.other.attribute-name.id.css"
			],
			"settings": {
				"foreground": "#b06698"
			}
		},
		{
      "name": "[CSS] - String",
      "scope": [
        "source.css string",
        "source.css punctuation.definition.string",
        "source.stylus string",
				"source.stylus punctuation.definition.string",
				"meta.attribute-selector.scss"
      ],
      "settings": {
        "foreground": "#909d63"
      }
    },
		{
      "name": "[CSS] - Operators",
      "scope": [
        "keyword.operator.scss"
      ],
      "settings": {
        "foreground": "#d9d9d9"
      }
    },
		{
      "name": "[CSS] - Entities",
      "scope": [
				"punctuation.definition.entity.css",
				"meta.property-list.scss"
      ],
      "settings": {
        "foreground": "#6a8799"
      }
    },
		{
			"name": "Inserted",
			"scope": [
				"markup.inserted"
			],
			"settings": {
				"foreground": "#909d63"
			}
		},
		{
			"name": "Deleted",
			"scope": [
				"markup.deleted"
			],
			"settings": {
				"foreground": "#bc5653"
			}
		},
		{
			"name": "Changed",
			"scope": [
				"markup.changed"
			],
			"settings": {
				"foreground": "#ebc17a"
			}
		},
		{
			"name": "Regular Expressions",
			"scope": [
				"string.regexp"
			],
			"settings": {
				"foreground": "#acbbd0"
			}
		},
		{
			"name": "Escape Characters",
			"scope": [
				"constant.character.escape"
			],
			"settings": {
				"foreground": "#acbbd0"
			}
		},
		{
			"name": "URL",
			"scope": [
				"*url*",
				"*link*",
				"*uri*"
			],
			"settings": {
				"fontStyle": "underline"
			}
		},
		{
			"name": "Decorators",
			"scope": [
				"tag.decorator.js entity.name.tag.js",
				"tag.decorator.js punctuation.definition.tag.js"
			],
			"settings": {
				"fontStyle": "italic",
				"foreground": "#7eaac7"
			}
		},
		{
			"name": "ES7 Bind Operator",
			"scope": [
				"source.js constant.other.object.key.js string.unquoted.label.js"
			],
			"settings": {
				"fontStyle": "italic",
				"foreground": "#bc5653"
			}
		},
		{
			"name": "JSON Value String",
			"scope": [
				"string.quoted.double.json"
			],
			"settings": {
				"foreground": "#c9dfff"
			}
		},
		{
			"name": "JSON Value Boolean",
			"scope": [
				"constant.language.json"
			],
			"settings": {
				"foreground": "#bc5653"
			}
		},
		{
			"name": "JSON Key - Level 0",
			"scope": [
				"source.json meta.structure.dictionary.json support.type.property-name.json"
			],
			"settings": {
				"foreground": "#ebc17a"
			}
		},
		{
			"name": "JSON Key - Level 1",
			"scope": [
				"source.json meta.structure.dictionary.json meta.structure.dictionary.value.json meta.structure.dictionary.json support.type.property-name.json"
			],
			"settings": {
				"foreground": "#7eaac7"
			}
		},
		{
			"name": "JSON Key - Level 2",
			"scope": [
				"source.json meta.structure.dictionary.json meta.structure.dictionary.value.json meta.structure.dictionary.json meta.structure.dictionary.value.json meta.structure.dictionary.json support.type.property-name.json"
			],
			"settings": {
				"foreground": "#bc5653"
			}
		},
		{
			"name": "JSON Key - Level 3",
			"scope": [
				"source.json meta.structure.dictionary.json meta.structure.dictionary.value.json meta.structure.dictionary.json meta.structure.dictionary.value.json meta.structure.dictionary.json meta.structure.dictionary.value.json meta.structure.dictionary.json support.type.property-name.json"
			],
			"settings": {
				"foreground": "#bc5653"
			}
		},
		{
			"name": "JSON Key - Level 4",
			"scope": [
				"source.json meta.structure.dictionary.json meta.structure.dictionary.value.json meta.structure.dictionary.json meta.structure.dictionary.value.json meta.structure.dictionary.json meta.structure.dictionary.value.json meta.structure.dictionary.json meta.structure.dictionary.value.json meta.structure.dictionary.json support.type.property-name.json"
			],
			"settings": {
				"foreground": "#bc5653"
			}
		},
		{
			"name": "JSON Key - Level 5",
			"scope": [
				"source.json meta.structure.dictionary.json meta.structure.dictionary.value.json meta.structure.dictionary.json meta.structure.dictionary.value.json meta.structure.dictionary.json meta.structure.dictionary.value.json meta.structure.dictionary.json meta.structure.dictionary.value.json meta.structure.dictionary.json meta.structure.dictionary.value.json meta.structure.dictionary.json support.type.property-name.json"
			],
			"settings": {
				"foreground": "#bc5653"
			}
		},
		{
			"name": "JSON Key - Level 6",
			"scope": [
				"source.json meta.structure.dictionary.json meta.structure.dictionary.value.json meta.structure.dictionary.json meta.structure.dictionary.value.json meta.structure.dictionary.json meta.structure.dictionary.value.json meta.structure.dictionary.json meta.structure.dictionary.value.json meta.structure.dictionary.json meta.structure.dictionary.value.json meta.structure.dictionary.json meta.structure.dictionary.value.json meta.structure.dictionary.json support.type.property-name.json"
			],
			"settings": {
				"foreground": "#bc5653"
			}
		},
		{
			"name": "JSON Key - Level 7",
			"scope": [
				"source.json meta.structure.dictionary.json meta.structure.dictionary.value.json meta.structure.dictionary.json meta.structure.dictionary.value.json meta.structure.dictionary.json meta.structure.dictionary.value.json meta.structure.dictionary.json meta.structure.dictionary.value.json meta.structure.dictionary.json meta.structure.dictionary.value.json meta.structure.dictionary.json meta.structure.dictionary.value.json meta.structure.dictionary.json meta.structure.dictionary.value.json meta.structure.dictionary.json support.type.property-name.json"
			],
			"settings": {
				"foreground": "#bc5653"
			}
		},
		{
			"name": "JSON Key - Level 8",
			"scope": [
				"source.json meta.structure.dictionary.json meta.structure.dictionary.value.json meta.structure.dictionary.json meta.structure.dictionary.value.json meta.structure.dictionary.json meta.structure.dictionary.value.json meta.structure.dictionary.json meta.structure.dictionary.value.json meta.structure.dictionary.json meta.structure.dictionary.value.json meta.structure.dictionary.json meta.structure.dictionary.value.json meta.structure.dictionary.json meta.structure.dictionary.value.json meta.structure.dictionary.json meta.structure.dictionary.value.json meta.structure.dictionary.json support.type.property-name.json"
			],
			"settings": {
				"foreground": "#bc5653"
			}
		},
		{
			"name": "Markdown - Plain",
			"scope": [
				"text.html.markdown",
				"punctuation.definition.list_item.markdown"
			],
			"settings": {
				"foreground": "#d9d9d9"
			}
		},
		{
			"name": "Markdown - Markup Raw Inline",
			"scope": [
				"text.html.markdown markup.inline.raw.markdown"
			],
			"settings": {
				"foreground": "#bc5653"
			}
		},
		{
			"name": "Markdown - Markup Raw Inline Punctuation",
			"scope": [
				"text.html.markdown markup.inline.raw.markdown punctuation.definition.raw.markdown"
			],
			"settings": {
				"foreground": "#d9d9d9"
			}
		},
		{
			"name": "Markdown - Line Break",
			"scope": [
				"text.html.markdown meta.dummy.line-break"
			],
			"settings": {
				"foreground": "#bc5653"
			}
		},
		{
			"name": "Markdown - Heading",
			"scope": [
				"markdown.heading",
				"markup.heading | markup.heading entity.name",
				"markup.heading.markdown punctuation.definition.heading.markdown"
			],
			"settings": {
				"foreground": "#909d63"
			}
		},
		{
			"name": "Markup - Italic",
			"scope": [
				"markup.italic"
			],
			"settings": {
				"fontStyle": "italic",
				"foreground": "#f07178"
			}
		},
		{
			"name": "Markup - Bold",
			"scope": [
				"markup.bold",
				"markup.bold string"
			],
			"settings": {
				"fontStyle": "bold",
				"foreground": "#f07178"
			}
		},
		{
			"name": "Markup - Bold-Italic",
			"scope": [
				"markup.bold markup.italic",
				"markup.italic markup.bold",
				"markup.quote markup.bold",
				"markup.bold markup.italic string",
				"markup.italic markup.bold string",
				"markup.quote markup.bold string"
			],
			"settings": {
				"fontStyle": "bold",
				"foreground": "#f07178"
			}
		},
		{
			"name": "Markup - Underline",
			"scope": [
				"markup.underline"
			],
			"settings": {
				"fontStyle": "underline",
				"foreground": "#F78C6C"
			}
		},
		{
			"name": "Markdown - Blockquote",
			"scope": [
				"markup.quote punctuation.definition.blockquote.markdown"
			],
			"settings": {
				"foreground": "#65737E"
			}
		},
		{
			"name": "Markup - Quote",
			"scope": [
				"markup.quote"
			],
			"settings": {
				"fontStyle": "italic",
				"foreground": "#65737E"
			}
		},
		{
			"name": "Markdown - Link",
			"scope": [
				"string.other.link.title.markdown"
			],
			"settings": {
				"foreground": "#6894c1"
			}
		},
		{
			"name": "Markdown - Link Description",
			"scope": [
				"string.other.link.description.title.markdown"
			],
			"settings": {
				"foreground": "#6894c1"
			}
		},
		{
			"name": "Markdown - Link Anchor",
			"scope": [
				"constant.other.reference.link.markdown"
			],
			"settings": {
				"foreground": "#ebc17a"
			}
		},
		{
			"name": "Markup - Raw Block",
			"scope": [
				"markup.raw.block"
			],
			"settings": {
				"foreground": "#b06698"
			}
		},
		{
			"name": "Markdown - Raw Block Fenced",
			"scope": [
				"markup.raw.block.fenced.markdown"
			],
			"settings": {
				"foreground": "#636363"
			}
		},
		{
			"name": "Markdown - Fenced Bode Block",
			"scope": [
				"punctuation.definition.fenced.markdown"
			],
			"settings": {
				"foreground": "#636363"
			}
		},
		{
			"name": "Markdown - Fenced Bode Block Variable",
			"scope": [
				"markup.raw.block.fenced.markdown",
				"variable.language.fenced.markdown",
				"punctuation.section.class.end"
			],
			"settings": {
				"foreground": "#d9d9d9"
			}
		},
		{
			"name": "Markdown - Fenced Language",
			"scope": [
				"variable.language.fenced.markdown"
			],
			"settings": {
				"foreground": "#636363"
			}
		},
		{
			"name": "Markdown - Separator",
			"scope": [
				"meta.separator"
			],
			"settings": {
				"fontStyle": "bold",
				"foreground": "#65737E"
			}
		},
		{
			"name": "Markup - Table",
			"scope": [
				"markup.table"
			],
			"settings": {
				"foreground": "#d9d9d9"
			}
		},
		{
			"scope": "token.info-token",
			"settings": {
				"foreground": "#6a8799"
			}
		},
		{
			"scope": "token.warn-token",
			"settings": {
				"foreground": "#ebc17a"
			}
		},
		{
			"scope": "token.error-token",
			"settings": {
				"foreground": "#bc5653"
			}
		},
		{
			"scope": "token.debug-token",
			"settings": {
				"foreground": "#b267e6"
			}
		},
		{
			"scope": "meta.jsx.children.js",
			"settings": {
				"foreground": "#d9d9d9"
			}
		},
		{
			"scope": "support.class.component.js",
			"settings": {
				"foreground": "#e26d69"
			}
		},
		{
			"scope": "meta.object-literal.key.js",
			"settings": {
				"foreground": "#ecd3a8"
			}
		},
		{
			"scope": "constant.numeric.decimal.js",
			"settings": {
				"foreground": "#ecd3a8"
			}
		},
		{
			"scope": [
				"punctuation.definition.block.tag.jsdoc",
				"storage.type.class.jsdoc"
			],
			"settings": {
				"foreground": "#ecd3a8"
			}
		},
		{
			"scope": "variable.jsdoc",
			"settings": {
				"foreground": "#cc6666"
			}
		}
	]
}
